Country,Content,"Play Duration Milliseconds","First Played","Last Played","Last Received","Source Type",Rankings
"United States","Yo La Tengo",60620145,1728514307510,1755288002449,1755288002524,"IPHONE, APPLETV",1
"United States",Turnstile,44204599,1733359364578,1756913178892,1756913179041,IPHONE,2
"United States","Arcade Fire",41420683,1731282957511,1757035480461,1757035480721,"IPHONE, APPLETV",3
"United States",Common,40402410,1748194192908,1757214895527,1757214895614,IPHONE,4
"United States","Neil Young & Crazy Horse",34664049,1736029341464,1753239977606,1753239978041,IPHONE,5
"United States","Bill Callahan",30672991,1729308079405,1756909440642,1756909440883,"IPHONE, APPLETV",6
"United States","Dinosaur Jr.",29068500,1733535065091,1757645011563,1757645011791,IPHONE,7
"United States","A Wilhelm Scream",27808807,1750963782897,1757524589937,1757524590170,IPHONE,8
"United States","MJ Lenderman",27205393,1727570001100,1756855280923,1756855280963,IPHONE,9
"United States","Built to Spill",25740422,1732747898312,1757025695655,1757025695695,IPHONE,10
"United States","Kurt Vile",22409882,1727741952765,1755818843944,1755818844043,IPHONE,11
"United States","The Sea and Cake",21910860,1742426675227,1758303636511,1758303636552,IPHONE,12
"United States",Wilco,21453360,1727907246449,1756909035080,1756909035116,"IPHONE, APPLETV",13
"United States","Neil Young",21034066,1732826848910,1755223312657,1755223312690,"IPHONE, APPLETV",14
"United States","A Tribe Called Quest",20931832,1734030368080,1756927054254,1756927054355,IPHONE,15
"United States","Kevin Morby",20670448,1727907638039,1755820125450,1755820125555,"IPHONE, APPLETV",16
"United States","Angel Du$t",19797173,1750190144735,1756835575388,1756835575550,IPHONE,17
"United States","The Roots",19315036,1744248551862,1757644950505,1757644951452,IPHONE,18
"United States","Bon Iver",17610636,1727617974348,1755617287387,1755617292422,"IPHONE, APPLETV",19
"United States","Slow Pulp",16727534,1731332255434,1752688883526,1752688883629,IPHONE,20
"United States","Bonny Doon",16292024,1732740944910,1755212918920,1755212919967,"IPHONE, APPLETV",21
"United States",Radiohead,15238899,1729728958357,1755442959026,1755442959070,"IPHONE, APPLETV",22
"United States",Khruangbin,15169754,1728347143795,1756835830937,1756835830989,IPHONE,23
"United States","Nation of Language",15107395,1731336962185,1756834362384,1756834362499,"IPHONE, APPLETV",24
"United States","Big Thief",14931352,1727617499943,1756326667415,1756326667594,IPHONE,25
"United States","Black Star",14360450,1748701292867,1757687842094,1757687842179,IPHONE,26
"United States","Nap Eyes",11674838,1729555823689,1755351395247,1755351395431,IPHONE,27
"United States","Silver Jews",11573032,1729307670043,1758301911347,1758301911412,"IPHONE, APPLETV",28
"United States","Modest Mouse",11450462,1732412559876,1756326381029,1756326381112,IPHONE,29
"United States","Stephen Malkmus & The Jicks",11388292,1728067939143,1754935686986,1754938030062,IPHONE,30
"United States",Pavement,11179750,1729307433260,1758303389596,1758303389630,"IPHONE, APPLETV",31
"United States","The Hard Quartet",11072375,1730327676099,1756910349045,1756910349274,IPHONE,32
"United States","Snail Mail",10773593,1728476999799,1752618064780,1752618065023,"IPHONE, APPLETV",33
"United States",CoComelon,10733226,1727294431669,1755607938093,1755607938186,IPHONE,34
"United States","The Magnetic Fields",9707600,1734895242960,1757279256657,1757279256695,IPHONE,35
"United States","Car Seat Headrest",9695394,1727616951458,1753872900542,1753872900812,IPHONE,36
"United States","Stephen Malkmus",9177323,1728067691124,1757279648050,1757279648080,"IPHONE, APPLETV",37
"United States",Pixies,8985835,1732936012976,1757280370680,1757280370713,IPHONE,38
"United States","Adrianne Lenker",8479773,1729351825052,1755208904457,1755208904753,"IPHONE, APPLETV",39
"United States","New Order",8170777,1730245364376,1757280209892,1757280210106,"IPHONE, APPLETV",40
"United States","Broken Social Scene",8142722,1732751483654,1756326122018,1756326122175,"IPHONE, APPLETV",41
"United States","De La Soul",7912875,1734047066643,1756302663958,1756302667093,IPHONE,42
"United States","The Velvet Underground",7834118,1735618531117,1755274931617,1755274931683,"IPHONE, APPLETV",43
"United States",Waxahatchee,7734003,1727616727370,1756205229061,1756205229378,"IPHONE, APPLETV",44
"United States","Andy Shauf",7688488,1732484340519,1756412405065,1756412405176,IPHONE,45
"United States","Mac DeMarco",7233870,1727617326230,1757026892085,1757026892132,"IPHONE, APPLETV",46
"United States","The Rolling Stones",7197313,1732576957078,1755224125833,1755224125931,IPHONE,47
"United States","The War on Drugs",6707978,1727907848620,1755199048401,1755199048463,"IPHONE, APPLETV",48
"United States",Destroyer,6555925,1733184683379,1756205106711,1756205106759,IPHONE,49
"United States","The Citizens of Halloween",6527584,1730376482112,1733276361504,1733276361645,IPHONE,50
"United States","John Andrews & The Yawns",6422154,1735002127171,1755004085741,1755005145390,IPHONE,51
"United States","David Bowie",6178162,1733614222624,1757531553453,1757531553507,"IPHONE, APPLETV",52
"United States","The Babies",6131949,1734575908018,1756302196093,1756302196157,IPHONE,53
"United States","The Cure",6110714,1732749188924,1754617175760,1754617176151,IPHONE,54
"United States","The Smiths",5890971,1732750391750,1756918401415,1756918401548,IPHONE,55
"United States","Townes Van Zandt",5732393,1728065772138,1756413682945,1756413682987,IPHONE,56
"United States",Guru,5678317,1749164940165,1749920418947,1749920418978,IPHONE,57
"United States","This Is Lorelei",5646301,1751509322556,1757279946204,1757279946243,IPHONE,58
"United States",Elmo,5572904,1728836340466,1756597853949,1756597854029,"IPHONE, APPLETV",59
"United States","Panda Bear",5554919,1732797915759,1748860652865,1748860653007,IPHONE,60
"United States","Mos Def",5353041,1734107354165,1751557351223,1751557351277,IPHONE,61
"United States","Magnolia Electric Co.",5330915,1738183061292,1738445084928,1738445085292,IPHONE,62
"United States","Songs: Ohia",5267137,1727667166892,1751514983359,1751514983515,IPHONE,63
"United States","Leonard Cohen",5210348,1731713547555,1754919793700,1754922342104,IPHONE,64
"United States",Alvvays,5127027,1727644879950,1752616712689,1752616712737,IPHONE,65
"United States","May Erlewine",5125568,1727095162848,1756326580050,1756326580091,IPHONE,66
"United States","Tommy Guerrero",5096025,1732741704679,1756909632934,1756909625845,IPHONE,67
"United States","Kristen Bell",5014756,1728837006138,1756243147082,1756243147567,"IPHONE, APPLETV",68
"United States","Patrick Stump",4893233,1743553952679,1757261266300,1757261266343,"IPHONE, APPLETV",69
"United States","Lou Reed",4833676,1733527807378,1755285508803,1755285508834,"IPHONE, APPLETV",70
"United States","Title Fight",4822210,1751678531819,1753715752046,1753715674723,IPHONE,71
"United States",blink-182,4733049,1734376904654,1755003658701,1755005145390,IPHONE,72
"United States","The Replacements",4628058,1755740569750,1755781807518,1755781499418,IPHONE,73
"United States","Andrew Bird",4573363,1732751756078,1753785451822,1753785451947,"IPHONE, APPLETV",74
"United States",DEVO,4542543,1730243497706,1747956889385,1747956889464,"IPHONE, APPLETV",75
"United States",Smog,4497132,1729549536025,1753699326312,1753699326344,IPHONE,76
"United States",OutKast,4491765,1734192214741,1757351402912,1757351402982,IPHONE,77
"United States",Beck,4400109,1732798204974,1756326778006,1756326778189,IPHONE,78
"United States","Belle and Sebastian",4208536,1730870830963,1747886082245,1747886082374,IPHONE,79
"United States","Golden Suits",4197940,1733169855348,1754995334696,1754995334931,IPHONE,80
"United States","Gang Starr",4064842,1732577011397,1752633657867,1752633657951,IPHONE,81
"United States","The Beatles",4055991,1735618870536,1754951690332,1754951690376,IPHONE,82
"United States","Idina Menzel",3998902,1728844445078,1755379090290,1755379090348,"IPHONE, APPLETV",83
"United States",Beirut,3989613,1732066122976,1758303345810,1758301997330,"IPHONE, APPLETV",84
"United States","The Cry",3818942,1735620123612,1755620245497,1755620245944,IPHONE,85
"United States","Fleetwood Mac",3746993,1734969156059,1757535069004,1757535069153,IPHONE,86
"United States",Tortoise,3706497,1745634746849,1753190000900,1753190000936,IPHONE,87
"United States",JAY-Z,3688523,1746905474999,1748802975261,1748802975455,IPHONE,88
"United States","Beach House",3658319,1727618187461,1756908810395,1756908810632,IPHONE,89
"United States",Geographer,3580765,1742697405083,1755286480981,1755286481011,IPHONE,90
"United States","Purple Mountains",3547104,1732335212657,1746801786853,1746801786881,IPHONE,91
"United States","Harry Nilsson",3524467,1735939282028,1756910607415,1756910607543,IPHONE,92
"United States","The Something Specials",3516137,1746814425589,1756834204887,1756834204915,IPHONE,93
"United States","Digable Planets",3505523,1744252018240,1749066064554,1749066064975,IPHONE,94
"United States",Deerhunter,3447894,1734987385468,1754780920871,1754780921035,IPHONE,95
"United States","Future Islands",3317249,1734908536935,1756924340641,1756924341083,IPHONE,96
"United States","The Misfits",3239583,1746672487182,1752640042321,1752640043874,IPHONE,97
"United States","Cigarettes After Sex",3205061,1744989846879,1744998298858,1744998298902,IPHONE,98
"United States",Weezer,3152288,1732578439874,1747607252272,1747607252316,"IPHONE, APPLETV",99
"United States",Metallica,3149478,1731363226562,1753880051558,1753880051595,IPHONE,100
"United States","Men Without Hats",3149166,1730243331777,1747956728088,1747956728590,APPLETV,101
"United States","Eric B. & Rakim",3091926,1750297614304,1752633887899,1752633888590,IPHONE,102
"United States","Black Sabbath",3086805,1755897857083,1757261321093,1757261321522,"IPHONE, APPLETV",103
"United States","Perfume Genius",3067218,1756237003792,1756836066917,1756836067011,IPHONE,104
"United States","Frankie Cosmos",3044587,1727224846530,1751040483214,1751040471536,IPHONE,105
"United States","John Prine",3013093,1732749886139,1755538634458,1755539815366,IPHONE,106
"United States","Jazz at Lincoln Center Orchestra",2935400,1733160773778,1745111644805,1745111644872,"IPHONE, APPLETV",107
"United States","Vince Guaraldi Trio",2853476,1727397143904,1746979621113,1746972535110,"IPHONE, APPLETV",108
"United States","KIDZ BOP Kids",2809381,1732066895508,1739105865996,1739105866854,"IPHONE, APPLETV",109
"United States","Guided By Voices",2802296,1752185151032,1752287979472,1752287979514,IPHONE,110
"United States","Real Estate",2795794,1733526428119,1756325619148,1756325619229,"IPHONE, APPLETV",111
"United States","Mutual Benefit",2727780,1736129625952,1743895157740,1743895157776,IPHONE,112
"United States","The Notwist",2697514,1742688631956,1753238107997,1753238108085,IPHONE,113
"United States",Blondie,2658995,1730243658686,1747957026026,1747957026083,"IPHONE, APPLETV",114
"United States",Ceremony,2649387,1750190625982,1753784530314,1753784530530,IPHONE,115
"United States","Baby Lullaby Academy",2644664,1747436289086,1757328360039,1757328360164,IPHONE,116
"United States",Fugazi,2437615,1729816016631,1754578410895,1754578411050,IPHONE,117
"United States",Nas,2418831,1728513774563,1752265554403,1752265554710,IPHONE,118
"United States","Inspectah Deck",2395735,1747251148763,1747253849513,1747253523223,IPHONE,119
"United States","The Smile",2377401,1728776024018,1756413426628,1756413426824,IPHONE,120
"United States","Andre Nickatina",2351618,1752640044442,1757686297781,1757685885444,IPHONE,121
"United States",Widowspeak,2311496,1739384812285,1742677530168,1742677531081,IPHONE,122
"United States","The Album Leaf",2296617,1731420276970,1752265501061,1752265501669,IPHONE,123
"United States","Joel Alme",2294692,1735613702219,1746487750122,1746487750247,"IPHONE, APPLETV",124
"United States","Warren Zevon",2282522,1730246739795,1736808764952,1736808765663,"IPHONE, APPLETV",125
"United States","Ben Harper",2256945,1732740798375,1747606592778,1747606592849,IPHONE,126
"United States","Bob Dylan",2215130,1735619016467,1753235468535,1753235468754,IPHONE,127
"United States","Van Morrison",2211585,1730244959040,1755720132579,1755717443598,"IPHONE, APPLETV",128
"United States","Galaxie 500",2182353,1736218556520,1737345457145,1737345458357,IPHONE,129
"United States","The Promise Ring",2145724,1734029569803,1734649014455,1734649014690,IPHONE,130
"United States","Wolf Parade",2133309,1733184333655,1756836718490,1756836718565,"IPHONE, APPLETV",131
"United States","The Zombies",2107322,1733072035029,1734988163656,1734988163825,IPHONE,132
"United States","Cass McCombs",2049688,1733523248716,1753191964077,1753191964147,"IPHONE, APPLETV",133
"United States","Reflection Eternal",1977480,1729208277699,1749336969769,1749336969857,IPHONE,134
"United States","The Pharcyde",1942516,1743282020239,1749954751025,1749954751056,IPHONE,135
"United States","Band of Horses",1939744,1741474093138,1755029772046,1755029772289,IPHONE,136
"United States","Cut Worms",1938777,1732753256738,1756910174961,1756910175124,IPHONE,137
"United States","Paul McCartney",1820467,1732664977269,1754950892316,1754950892391,IPHONE,138
"United States","Bert & Ernie",1748582,1728836183577,1747576589341,1747576589448,IPHONE,139
"United States","Electric Light Orchestra",1738524,1730244117098,1741180637466,1741180637550,APPLETV,140
"United States","Courtney Barnett",1720082,1736207615476,1754780058453,1754780060381,IPHONE,141
"United States","Serge Gainsbourg",1706634,1737341599453,1737343311051,1737343311094,IPHONE,142
"United States","The Kiboomers",1629483,1731374818976,1740447367389,1740447276345,"IPHONE, APPLETV",143
"United States","The National",1611704,1736047901467,1754250229188,1754250229241,IPHONE,144
"United States","Wailing Souls",1581108,1735001417786,1748187403665,1748187403701,IPHONE,145
"United States","Fleet Foxes",1575793,1734473250965,1753883590995,1753883596284,"IPHONE, APPLETV",146
"United States","Beach Fossils",1563416,1727645306014,1753406439570,1753406439760,"IPHONE, APPLETV",147
"United States","Dorothy Ashby",1562431,1727314621299,1727734939120,1727734939136,IPHONE,148
"United States","Tom Petty",1561496,1740704649464,1746571298701,1746571298731,IPHONE,149
"United States","Bruce Springsteen",1544758,1753042040964,1753228752044,1753228752085,IPHONE,150
"United States","Patti Smith",1544517,1757645152223,1757646935630,1757646652597,IPHONE,151
"United States",BADBADNOTGOOD,1536411,1739385786692,1756835408027,1756835408056,IPHONE,152
"United States","Slick Rick",1516088,1744250970341,1756925079683,1756925079714,IPHONE,153
"United States","Le Loup",1512946,1739811887283,1739832442930,1739832443102,IPHONE,154
"United States","Elvis Costello & The Attractions",1508878,1730243888051,1741180402405,1741180402502,APPLETV,155
"United States","J Mascis + The Fog",1452616,1742699466301,1743002067833,1743002068107,IPHONE,156
"United States","Erykah Badu",1426429,1749384370889,1749386024906,1749386024959,IPHONE,157
"United States",Bluey,1418339,1727396817184,1752539307846,1752539308186,IPHONE,158
"United States","André 3000",1411709,1734565091590,1746897374841,1746897380969,IPHONE,159
"United States","Little Angel",1399514,1733794389991,1738372662830,1738372663007,"IPHONE, APPLETV",160
"United States",Jónsi,1399345,1739813054996,1739833526365,1739833526402,IPHONE,161
"United States","Big Bird",1394236,1728836406345,1747576871017,1747576871053,"IPHONE, APPLETV",162
"United States","The White Stripes",1365134,1752524807176,1752526183331,1752526183546,IPHONE,163
"United States","Souls of Mischief",1351206,1738643858692,1756925400072,1756925400268,IPHONE,164
"United States",Whitney,1339547,1733526767415,1756412611122,1756412611235,"IPHONE, APPLETV",165
"United States","Taken By Trees",1322280,1739814976969,1752260457720,1752260457761,IPHONE,166
"United States","The Shins",1310114,1734894598767,1752262450322,1752262220650,IPHONE,167
"United States","Kendrick Lamar",1309167,1740148087621,1755197158499,1755197158646,IPHONE,168
"United States","Modern English",1301046,1734989934748,1755224465759,1755224465905,IPHONE,169
"United States","Fart Man",1280698,1735599293577,1753041807565,1753041807597,IPHONE,170
"United States","Elia y Elizabeth",1269363,1732797093188,1754918974060,1754922342104,IPHONE,171
"United States","Animal Collective",1249368,1733534357404,1754936073263,1754938030062,IPHONE,172
"United States","Ariel Pink's Haunted Graffiti",1234720,1730244650351,1741181244349,1741181244461,APPLETV,173
"United States","Little Wings",1228199,1736541911046,1755003504839,1755005145390,"IPHONE, APPLETV",174
"United States","Atlas Sound",1223909,1739812869330,1749638822318,1749638822426,IPHONE,175
"United States","Babe Rainbow",1222424,1728775967399,1753406297258,1753406297300,"IPHONE, APPLETV",176
"United States",Bibio,1192890,1739652037785,1739830902783,1739830902921,IPHONE,177
"United States","Damien Jurado",1153400,1738596702967,1757279487408,1757279487480,IPHONE,178
"United States","Sam Prekop",1135826,1753188872556,1753276580305,1753276581507,IPHONE,179
"United States","Jonathan Groff",1106512,1728844669488,1753490190373,1753490190426,"IPHONE, APPLETV",180
"United States","Imogen Heap",1091469,1728390538277,1734897055921,1734897055973,IPHONE,181
"United States","Sufjan Stevens",1088893,1727617752634,1753324030968,1753324031422,IPHONE,182
"United States","The Shivers",1076977,1736047452280,1738597483946,1738597484377,IPHONE,183
"United States","Pedro the Lion",1074219,1736130774309,1752263280567,1752263280613,IPHONE,184
"United States",Weekend,1070526,1734732191493,1756471873214,1756471438956,IPHONE,185
"United States","Jeff Hamilton Trio",1066372,1732915023973,1733159292093,1733159292492,APPLETV,186
"United States",Woods,1060783,1729463008922,1753703964489,1753704096885,"IPHONE, APPLETV",187
"United States","Gracie's Corner",1046157,1744847466540,1747956365143,1747956365258,IPHONE,188
"United States",Florist,1037658,1727647274757,1742601441948,1742601442058,IPHONE,189
"United States","The American Dawn",1036232,1744989018787,1750522429010,1750522429050,IPHONE,190
"United States","The Stills-Young Band",1031554,1732827152417,1753241074958,1753241075949,IPHONE,191
"United States","Twin Peaks",1014747,1728512011931,1749153509962,1749153510000,IPHONE,192
"United States",Raekwon,1004210,1748264883912,1748802599888,1748802599944,IPHONE,193
"United States","Harlem Shakes",1002634,1739651547154,1739834220741,1739834221088,IPHONE,194
"United States","The Itals",1000680,1736454017929,1748185786303,1748185786335,IPHONE,195
"United States","Evan Rachel Wood",991069,1737509422940,1756242999483,1756242999536,"IPHONE, APPLETV",196
"United States","Oscar Peterson",984132,1732916564634,1733159021848,1733159021903,APPLETV,197
"United States","Johnny Osbourne",950024,1743713784120,1748186641666,1748186641703,IPHONE,198
"United States","Otis Redding",946360,1742948817957,1755223486942,1755223486974,IPHONE,199
"United States","Beastie Boys",929502,1737035127122,1737036150086,1737036150149,IPHONE,200
"United States","Alice Boman",923394,1756604610673,1757080127020,1757080056403,IPHONE,201
"United States","Little Baby Bum Nursery Rhyme Friends",923295,1734296064865,1740437111861,1740437111915,"IPHONE, APPLETV",202
"United States","Young Marble Giants",908730,1733170517254,1754919089134,1754922342104,IPHONE,203
"United States","Super Simple Songs",900770,1732410651148,1735404866254,1735404866303,"IPHONE, APPLETV",204
"United States","Duke Pearson",897692,1732914084104,1733157266105,1733157266504,APPLETV,205
"United States","Josh Gad",894658,1728844720815,1753489982524,1753479343860,"IPHONE, APPLETV",206
"United States","The Royal Five",879146,1728877211504,1736818091782,1736818092007,IPHONE,207
"United States",GROUPLOVE,872052,1730245146306,1741181649654,1741181649754,APPLETV,208
"United States","Cat Power",856773,1737327820436,1753224389915,1753224389960,"IPHONE, APPLETV",209
"United States","Lil Wayne",851512,1734031154658,1748040857588,1748040857674,IPHONE,210
"United States","The Smashing Pumpkins",848329,1734917383943,1752184630326,1752184630420,IPHONE,211
"United States","¥$",843964,1742493442791,1742521054788,1742521055883,IPHONE,212
"United States","Nick Cave & The Bad Seeds",841304,1752634507431,1752635359709,1752635359827,IPHONE,213
"United States","Bob and Sarah Amos",833299,1755208266621,1756833665240,1756833665426,IPHONE,214
"United States",Coldplay,823547,1732936333294,1755443066765,1755443066810,IPHONE,215
"United States","George Shearing Quintet",822519,1732915670174,1733785833621,1733785833705,APPLETV,216
"United States","Ella Fitzgerald",816554,1728062854349,1733775745251,1733775745454,"IPHONE, APPLETV",217
"United States",Ernie,811662,1741780784230,1756597594745,1756597594889,"IPHONE, APPLETV",218
"United States","Daniel Johnston",804841,1739385071456,1747702868513,1747702868545,IPHONE,219
"United States","It Ain't Easy",800550,1729622887185,1729624114197,1729624114428,IPHONE,220
"United States","Slow Crush",799799,1754226660060,1754618396373,1754618396452,IPHONE,221
"United States","Volcano Choir",792572,1743685937330,1753323267681,1753323267729,IPHONE,222
"United States","Abbey Lincoln",786666,1728063011905,1728065461172,1728065461430,IPHONE,223
"United States","The Sesame Street Kids",782935,1728836824202,1746381006200,1746381006269,"IPHONE, APPLETV",224
"United States","Joy Division",777183,1740009301598,1752635627559,1752635627731,"IPHONE, APPLETV",225
"United States","Sly & The Family Stone",775732,1747342086884,1755223807092,1755223807522,IPHONE,226
"United States","Coconut Records",769653,1734988513547,1747605389048,1747605389095,IPHONE,227
"United States",Twain,762649,1734733914881,1751488443130,1751488443220,IPHONE,228
"United States","Grizzly Bear",759614,1749522251295,1754781427698,1754781427749,IPHONE,229
"United States",Phoenix,743265,1743685644139,1747606157653,1747606157757,IPHONE,230
"United States","The New Pornographers",742375,1732937077749,1751452349800,1751452349965,"IPHONE, APPLETV",231
"United States","Shout Out Louds",736200,1733071960096,1746717152050,1746717152300,IPHONE,232
"United States","The Police",735987,1741921140795,1741921897127,1741921897493,IPHONE,233
"United States",Feist,733518,1739416798418,1754936298129,1754938030062,IPHONE,234
"United States","Death Cab for Cutie",727270,1737156049909,1753323676553,1753323676983,IPHONE,235
"United States","Yeah Yeah Yeahs",715709,1732740552962,1751412247764,1751412247879,IPHONE,236
"United States","William Onyeabor",713686,1743965881892,1756326074327,1756326074367,IPHONE,237
"United States",Yellowman,709694,1743691419845,1755003345769,1755005145390,IPHONE,238
"United States","Kanye West",709626,1738352647232,1746908873367,1746908873410,IPHONE,239
"United States","Modern Color",709569,1742233559371,1742234288432,1742234288595,IPHONE,240
"United States","The Chemical Brothers",703461,1742690758298,1746719957217,1746719957260,IPHONE,241
"United States","PJ Harvey",702686,1739811635743,1739831413980,1739831414009,IPHONE,242
"United States","Ghostface Killah",697306,1748265136946,1748802335399,1748802335446,IPHONE,243
"United States","Echo & The Bunnymen",696586,1748894557615,1755213531971,1755213532005,IPHONE,244
"United States","Bloc Party",692516,1734130792867,1756913939353,1756913939999,IPHONE,245
"United States","Delroy Wilson",686755,1743715981994,1750186886924,1750186886964,IPHONE,246
"United States","Black Marble",682973,1734908001313,1754320427793,1754320427828,IPHONE,247
"United States",Blippi,681491,1729350222731,1745016446517,1745016446546,IPHONE,248
"United States",Fiddlehead,680983,1750191628462,1751402468025,1751402468314,IPHONE,249
"United States","Ellis Marsalis",675733,1733159947768,1733764693435,1733764693622,APPLETV,250
"United States","John Williams",670677,1755384517000,1755385268668,1755385268801,IPHONE,251
"United States","Israel Vibration",670520,1743714770607,1748185299263,1748185299458,IPHONE,252
"United States","Orchestral Manoeuvres In the Dark",668590,1736206539288,1755621089178,1755621089219,IPHONE,253
"United States","Auli'i Cravalho",664959,1757262271319,1757263457798,1757263457962,APPLETV,254
"United States","Ramsey Lewis Trio",663879,1732911305735,1733159711567,1733159711635,APPLETV,255
"United States",Them,661527,1732750246724,1754918272938,1754922342104,IPHONE,256
"United States","Robert Glasper",655910,1732916236372,1733157594623,1733157594715,APPLETV,257
"United States","The Beach Boys",650818,1732935428391,1750523592472,1750523592772,IPHONE,258
"United States","Mel Tormé",648358,1728063885596,1733771117575,1733771117725,"IPHONE, APPLETV",259
"United States","Creedence Clearwater Revival",630088,1740948583891,1753128142290,1753128147339,"IPHONE, APPLETV",260
"United States","Sister Nancy",624809,1734029167374,1746715685723,1746715685806,IPHONE,261
"United States","Desmond Dekker & The Aces",624006,1734891949189,1748186444695,1748186444726,IPHONE,262
"United States","Nice & Smooth",621105,1744250475304,1756924526784,1756924526932,IPHONE,263
"United States","Jimmy Smith",603768,1733774539738,1733786586028,1733786586237,APPLETV,264
"United States","Joey Alexander",602586,1732917061218,1733158392825,1733158392897,APPLETV,265
"United States","LCD Soundsystem",601069,1749586430721,1756836252890,1756836253125,IPHONE,266
"United States","Alex G",599638,1753888384125,1754272148085,1754272148374,IPHONE,267
"United States","Cornel Campbell",595680,1748098671712,1756412809984,1756412810019,IPHONE,268
"United States","Simon & Garfunkel",595644,1732537775719,1753236491583,1753236491624,IPHONE,269
"United States","Broken Bells",590254,1736044733947,1737156515052,1737156515108,IPHONE,270
"United States",Queen,585979,1743009484287,1757364468567,1757364468614,IPHONE,271
"United States","Bill Evans",583363,1728063553871,1732914083617,1732914083686,"IPHONE, APPLETV",272
"United States","The Count Basie Orchestra",582420,1732916770027,1733158091471,1733158091549,APPLETV,273
"United States","The Heptones",578532,1748098488219,1748185048140,1748185048171,IPHONE,274
"United States","Gene Harris",570480,1733161113791,1733765806986,1733765807061,APPLETV,275
"United States","The Killers",561922,1734130750718,1756913893581,1756913894664,IPHONE,276
"United States","Bobby Timmons",560626,1733160493428,1733765181709,1733765181789,APPLETV,277
"United States","Alex Cameron",556446,1730246316643,1746710626786,1746710627905,"IPHONE, APPLETV",278
"United States","Dear Nora",554829,1729815639166,1753699491879,1753699491961,IPHONE,279
"United States","Chet Baker",553120,1732914706427,1733771263351,1733771263439,APPLETV,280
"United States","Steel Pulse",535658,1748098040909,1748184282017,1748184282046,IPHONE,281
"United States","Talking Heads",524360,1734894798249,1740011378636,1740011379634,"IPHONE, APPLETV",282
"United States","Linval Thompson",522586,1743690640621,1748186902973,1748186903008,IPHONE,283
"United States","The Brian Jonestown Massacre",517618,1728513866489,1736043433897,1736043433965,IPHONE,284
"United States","The Black Keys",512232,1747257419108,1753277275945,1753277276001,IPHONE,285
"United States","SuperKitties - Cast",511575,1741223486883,1755608394364,1755608394790,IPHONE,286
"United States","Public Enemy",504097,1744252149009,1750950564264,1750950564308,IPHONE,287
"United States","The Jimi Hendrix Experience",502497,1748548427787,1748548930237,1748548930312,IPHONE,288
"United States",Goofy,501946,1730377041597,1730560100455,1730560100597,IPHONE,289
"United States","Cut Copy",491704,1740010227567,1753234664107,1753234664154,"IPHONE, APPLETV",290
"United States","Yami Bolo",482666,1748099687283,1748183834765,1748183834795,IPHONE,291
"United States","Vampire Weekend",480881,1727907597306,1746711312229,1746711130186,IPHONE,292
"United States","Chance the Rapper",478939,1734893021264,1735944590388,1735944590449,IPHONE,293
"United States","The Kinks",477735,1748273428655,1754950558471,1754950505841,IPHONE,294
"United States","Noah Kahan",475865,1753042288705,1753042765160,1753042765814,IPHONE,295
"United States","The La's",474702,1740967083551,1740967558064,1740967558229,IPHONE,296
"United States","Attack In Black",474156,1750155336580,1754338193388,1754338193633,IPHONE,297
"United States","Danny Elfman",472899,1730769862637,1731275461152,1731275462120,IPHONE,298
"United States","Jenny Lewis",470226,1727908472581,1742689172625,1742689172673,IPHONE,299
"United States","The Strokes",469620,1734909593350,1753237433704,1753237433850,IPHONE,300
"United States","Jimmy Riley",468303,1743690346746,1748187577806,1748187578028,IPHONE,301
"United States",M83,467457,1751229041576,1753349224104,1753349224376,IPHONE,302
"United States","Keith Jarrett",467426,1733771931977,1733772399403,1733772399568,APPLETV,303
"United States",Grover,466310,1741781333751,1747582150889,1747582150929,"IPHONE, APPLETV",304
"United States","Edward Sharpe and the Magnetic Zeros",464535,1753234685294,1753277310164,1753277310369,IPHONE,305
"United States",Girls,458568,1746717569125,1746719546094,1746719546133,IPHONE,306
"United States",MGMT,458074,1730246013821,1741182224187,1741182224320,APPLETV,307
"United States","Jungle Brothers",455010,1736360226615,1750710849639,1750710849829,IPHONE,308
"United States","Jim Carrey",453242,1734296514877,1738200586578,1738200583163,"IPHONE, APPLETV",309
"United States",Beulah,451543,1736289544473,1752259893954,1752259893997,IPHONE,310
"United States","Jets to Brazil",451042,1731860677033,1732937611050,1732937611142,IPHONE,311
"United States",EPMD,450665,1746052734669,1747607842611,1747607842667,IPHONE,312
"United States",Q-Tip,445199,1748798709942,1749066003977,1749066004185,IPHONE,313
"United States","Wes Montgomery",443719,1728063405526,1751451923702,1751451923809,IPHONE,314
"United States","Benny Benack III",441946,1732915287044,1733156538418,1733156538807,APPLETV,315
"United States","Bria Skonberg",441232,1733162275138,1733770679791,1733770679870,APPLETV,316
"United States",Mogwai,439133,1742694381533,1742694893757,1742694735405,IPHONE,317
"United States","Billy Bragg",438293,1733170638095,1748960619438,1748960619625,IPHONE,318
"United States","John Lennon",437021,1754949563908,1754950045557,1754950045589,IPHONE,319
"United States","The Doors",436587,1740949761808,1740950198395,1740950198743,APPLETV,320
"United States",R.E.M.,436383,1753060897949,1753094604648,1753094604827,IPHONE,321
"United States","The Tennors",436119,1734892667276,1748185599521,1748185599555,IPHONE,322
"United States","Grover Washington, Jr.",429742,1733155541275,1733771725124,1733771725592,APPLETV,323
"United States","My Morning Jacket",426329,1734472285214,1743460561866,1743460561925,"IPHONE, APPLETV",324
"United States","Camera Obscura",424939,1733527773759,1743462434984,1743462436368,"IPHONE, APPLETV",325
"United States","Travis Scott",419817,1732650123153,1732650460126,1732650445501,IPHONE,326
"United States","Harry Connick, Jr.",416052,1733160285415,1733764901440,1733764901536,APPLETV,327
"United States","Tim Warfield",415013,1733785215953,1733785630966,1733785631087,APPLETV,328
"United States","Holy Shit",414466,1729604293395,1729604659411,1729604659446,IPHONE,329
"United States","Japanese Breakfast",413894,1727646926929,1740007647305,1740007647340,IPHONE,330
"United States","Steely Dan",410973,1732577051635,1740948959515,1740948959586,"IPHONE, APPLETV",331
"United States","Del the Funky Homosapien",409927,1734031374470,1756925537327,1756925539557,IPHONE,332
"United States","Canned Heat",408079,1733161715062,1733770103153,1733766230626,APPLETV,333
"United States","Crosby, Stills, Nash & Young",407759,1734898017776,1740947604673,1740947604723,"IPHONE, APPLETV",334
"United States","Kathleen Battle",406000,1736201892543,1736202298543,1736202298620,IPHONE,335
"United States","Mark Hoppus",405673,1755897208551,1757261437204,1757261437453,"IPHONE, APPLETV",336
"United States","Generation X",404078,1730246948940,1742849247106,1742849247185,APPLETV,337
"United States","Frank Ocean",402493,1732665174931,1751557484897,1751557484944,IPHONE,338
"United States","Samantha Crain",400889,1739418252945,1742599982149,1742599982349,IPHONE,339
"United States","Terence Blanchard",400666,1733775745278,1733776145944,1733776146137,APPLETV,340
"United States",Snowden,399390,1747608163422,1753238281494,1753238281566,IPHONE,341
"United States","Mighty Diamonds",398132,1743715042178,1748187102019,1748187102052,IPHONE,342
"United States","Tony Bennett",393886,1733162077941,1733770458948,1733770459164,APPLETV,343
"United States","The Elf on the Shelf",393782,1734296243402,1738200737083,1738200737432,"IPHONE, APPLETV",344
"United States","Diana Krall",392878,1733771725737,1733774540148,1733774540226,APPLETV,345
"United States","Les Brown & His Band of Renown",392400,1733772892033,1733773284433,1733773285036,APPLETV,346
"United States","Norah Jones",390559,1733773777032,1733775359268,1733775359381,APPLETV,347
"United States","Oscar the Grouch",390421,1745110354198,1747581845271,1747581845458,IPHONE,348
"United States","Bad Company",379422,1740948204564,1740948583986,1740948584033,APPLETV,349
"United States","Jimmy Ponder",377386,1733776801522,1733784880238,1733777168713,APPLETV,350
"United States","Johnny Cash",375758,1754586994476,1755538764958,1755539815366,IPHONE,351
"United States","José James",375306,1732914836312,1733156054329,1733156054397,APPLETV,352
"United States","June Christy",370746,1733162495770,1733770865069,1733770865161,APPLETV,353
"United States","Bing Crosby",367322,1732917521160,1733158735153,1733158735255,APPLETV,354
"United States",Styx,367000,1740949171067,1740949538067,1740949538124,APPLETV,355
"United States","Iggy Pop",366896,1752263280655,1752263647551,1752263647606,IPHONE,356
"United States","Nancy Sinatra",361555,1732934024296,1736808683589,1736808684233,"IPHONE, APPLETV",357
"United States","Big Boi",360024,1734129645960,1737763374998,1737763236314,IPHONE,358
"United States","They Might Be Giants (For Kids)",359535,1729902182122,1743877453300,1743877347478,"IPHONE, APPLETV",359
"United States","Johnny Hodges",358666,1728062708668,1728064910247,1728064910449,IPHONE,360
"United States","Pete Rock",357143,1749873023142,1750711522419,1750711522660,IPHONE,361
"United States","Steve Rudolph",356053,1733776309682,1733776665735,1733776665820,APPLETV,362
"United States","Jeff Buckley",354270,1737846430426,1737846784696,1737846784831,IPHONE,363
"United States","Alice Smith",353674,1742679289451,1746717549486,1746717549679,IPHONE,364
"United States",Spoon,353373,1751411806864,1752265015447,1752265016065,IPHONE,365
"United States","Acapop! KIDS",353140,1733448432006,1735402810734,1735402810778,IPHONE,366
"United States","Louis Armstrong",347689,1732918262412,1733159469426,1733159469524,APPLETV,367
"United States","Orchestra of the Royal Opera House, Covent Garden",347373,1748393799202,1748394146575,1748394146609,IPHONE,368
"United States","The High & Mighty",340714,1751470722774,1756924850822,1756924850995,IPHONE,369
"United States","Mathieu Santos",340084,1729820770677,1729821577224,1729821110944,IPHONE,370
"United States",Japandroids,339825,1729980698239,1729981105664,1729981106017,IPHONE,371
"United States","Cookie Monster",336995,1741775236865,1747581624814,1747581624853,"IPHONE, APPLETV",372
"United States","Panic! At the Disco",334899,1742680617380,1748813805108,1748813805174,"IPHONE, APPLETV",373
"United States","Soccer Mommy",331798,1727645110165,1739417055209,1739417055575,IPHONE,374
"United States",Heart,329449,1740946406204,1740946735653,1740946735698,APPLETV,375
"United States","Ellie Holcomb",328969,1734297297037,1735405070237,1735405070282,"IPHONE, APPLETV",376
"United States","Dwayne Johnson",327882,1757262879970,1757263621855,1757263622001,APPLETV,377
"United States","The Icons",324100,1755564611454,1755564935461,1755564935998,IPHONE,378
"United States","Samara Joy",322502,1732915508662,1733156700226,1733156700315,APPLETV,379
"United States","Orange Juice",321172,1744145805768,1744202340757,1744202341004,IPHONE,380
"United States","Cast of the Nightmare Before Christmas",320736,1730421823450,1730421990921,1730421989835,IPHONE,381
"United States","Marlon Funaki",319333,1755193739141,1755194267435,1755193848425,IPHONE,382
"United States","Kimya Dawson",318212,1739417055952,1742601885958,1742601886157,IPHONE,383
"United States","Ahmad Jamal Trio",316266,1733161919222,1733770261368,1733770261781,APPLETV,384
"United States","Glenn Miller and His Orchestra",316052,1732917362639,1733158551030,1733158551410,APPLETV,385
"United States","The Morning Benders",312468,1742691050883,1746716179490,1746716179539,IPHONE,386
"United States","Karen O and the Kids",310920,1746048960886,1746049271806,1746049271919,IPHONE,387
"United States","Miracle Legion",308306,1740012006453,1740012314759,1740012314842,APPLETV,388
"United States","Great Lake Swimmers",306906,1752184844498,1752185151404,1752185151473,IPHONE,389
"United States","Tom T. Hall",306852,1741040082128,1741040388960,1741040389314,IPHONE,390
"United States","The Spacemen",305480,1737596111824,1737596417334,1737596417647,IPHONE,391
"United States","The Wiggles",305056,1732757645972,1744493302095,1744493302228,IPHONE,392
"United States",Tune-Yards,303800,1742690325677,1742690629477,1742690629559,IPHONE,393
"United States","Don Carlos",303760,1743691060241,1748184836738,1748184836756,IPHONE,394
"United States","The Decemberists",302784,1734969677407,1742690020788,1742690020904,IPHONE,395
"United States","Lou Monte",302336,1734295634950,1735404706935,1735404707047,"IPHONE, APPLETV",396
"United States","Timber Timbre",301062,1751488144161,1754588371448,1754588371517,IPHONE,397
"United States","The Postal Service",300546,1737154337048,1737154637594,1737154637642,IPHONE,398
"United States","Teo Macero and His Orchestra",299733,1733772399000,1733772698733,1733772698992,APPLETV,399
"United States","Robert Francis",299295,1735522717735,1755384390191,1755384390426,IPHONE,400
"United States","Jessy J",298853,1733154106604,1733154405457,1733154405513,APPLETV,401
"United States","Alvin & The Chipmunks",297479,1734485378276,1735005018521,1735005018579,IPHONE,402
"United States","of Montreal",296426,1736046788141,1736047084567,1736047084696,IPHONE,403
"United States","Stephin Merritt",296170,1742696741701,1755287830313,1755287830354,IPHONE,404
"United States","Sun Airway",293613,1734969347547,1734969671007,1734969537568,IPHONE,405
"United States",Desaparecidos,292336,1730079126387,1730079418454,1730079418872,IPHONE,406
"United States","John Coltrane",290404,1733163079260,1733771490243,1733771490322,APPLETV,407
"United States","Will Butler",286086,1735945516160,1751230124544,1751230125135,IPHONE,408
"United States","The Rock and Roll Playhouse",286018,1755897641810,1756494471566,1756494471631,IPHONE,409
"United States",Metric,286013,1751413096470,1751413382483,1751413382527,IPHONE,410
"United States","Medium Build",285541,1739904558543,1742602303487,1742602112856,IPHONE,411
"United States","Blue Öyster Cult",285246,1740950198879,1740950484125,1740950484377,APPLETV,412
"United States",Boston,285133,1740946121175,1740946406308,1740946406363,APPLETV,413
"United States","Power Trip",283328,1750786374424,1751470454808,1751470454996,IPHONE,414
"United States","Ben Webster",281106,1728064243351,1728064524457,1728064524651,IPHONE,415
"United States","Kermit the Frog",280320,1745016089841,1745110935085,1745110935230,IPHONE,416
"United States","Bob Marley & The Wailers",280004,1727052103620,1727225182359,1727225182580,IPHONE,417
"United States","Opetaia Foa'i",279270,1757262434681,1757263370607,1757263370816,APPLETV,418
"United States","Christian Sands",278050,1732912209741,1732912487791,1732912487855,APPLETV,419
"United States",Mitski,277158,1733269070495,1736454719117,1736454719172,IPHONE,420
"United States","T. Rex",276978,1748544966629,1748545349144,1748545349313,IPHONE,421
"United States",Barbie,276623,1733448362876,1735402209879,1735402210434,IPHONE,422
"United States","Kris Bowers",276438,1730377208705,1730560192241,1730560192338,IPHONE,423
"United States","Unit Four Plus Two",274132,1737326940644,1751220148248,1751220148292,"IPHONE, APPLETV",424
"United States","S.G. Goodman",272792,1746802328507,1746802601299,1746802601356,IPHONE,425
"United States","Chris Botti",272480,1733155268789,1733155541269,1733155541335,APPLETV,426
"United States","John Beasley",271178,1732912989618,1732913260796,1732913261151,APPLETV,427
"United States","Dr. Dre",270000,1750986580807,1750986850807,1750986850843,IPHONE,428
"United States","The Gerbils",269920,1740011379485,1740011649405,1740011649488,APPLETV,429
"United States","Ben Kweller",268320,1737154832794,1737155101114,1737155101156,IPHONE,430
"United States",Aerosmith,267596,1740946735705,1740947003301,1740947003354,APPLETV,431
"United States","Steve Miller Band",265173,1740947604691,1740947869864,1740947870251,APPLETV,432
"United States","Surfer Blood",264093,1746909995437,1746910259530,1746910259568,IPHONE,433
"United States","Good Looks",263613,1751509969534,1751510233147,1751510233185,IPHONE,434
"United States","Rilo Kiley",263453,1746911190968,1746911454421,1746911454480,IPHONE,435
"United States",Yeasayer,263266,1734473685740,1734473949006,1734473949086,APPLETV,436
"United States","Brendan Canning",259746,1734291974490,1734292234236,1734292234278,IPHONE,437
"United States","David Vandervelde",259360,1740013141522,1740013407397,1740013196462,APPLETV,438
"United States","John Holt",259318,1743691019462,1748184684844,1748184684875,IPHONE,439
"United States","Aldous Harding",257293,1739417436892,1739417694185,1739417694322,IPHONE,440
"United States","Ozzy Osbourne",257127,1753879525330,1753879782457,1753879782494,IPHONE,441
"United States","Novo Amor",257000,1753324300399,1753324557399,1753324557440,IPHONE,442
"United States","Spider Bags",255929,1747401704569,1747401960355,1747401960395,IPHONE,443
"United States","The Laurie Berkner Band",255892,1734297168994,1735404554742,1735404556334,"IPHONE, APPLETV",444
"United States",Midlake,255480,1734971142974,1734971398454,1734971398499,IPHONE,445
"United States","Ken Boothe",255068,1734556730676,1743691265073,1743691265234,IPHONE,446
"United States","Kirk Whalum",254986,1733154405433,1733154660419,1733154660482,APPLETV,447
"United States","Luke Roberts",253000,1753664607420,1753664860420,1753664860467,IPHONE,448
"United States","Bernard Lagacé",251617,1736202540935,1736202792552,1736202792654,IPHONE,449
"United States","Everything Is Recorded",251280,1729547844003,1739385786703,1739385786763,IPHONE,450
"United States","Junior Byles",248094,1748185299584,1758303729967,1758303730117,IPHONE,451
"United States",Hinds,247746,1727618487202,1727618734948,1727618735083,IPHONE,452
"United States","Laura Benedict",246506,1734485441729,1734515294137,1734515294291,IPHONE,453
"United States","Ray Charles",245819,1732911569285,1738372486601,1738372487121,"IPHONE, APPLETV",454
"United States","Sign Language",244643,1742603987578,1742604232221,1742604232382,IPHONE,455
"United States","Reverend Baron",243652,1745631873086,1745717957731,1745717957762,IPHONE,456
"United States",Ludacris,243600,1752259894060,1752260137660,1752260137679,IPHONE,457
"United States",Tomberlin,243590,1742600745146,1742600988736,1742600989205,IPHONE,458
"United States","Jack White",242359,1746910259388,1746910508393,1746910508473,IPHONE,459
"United States","Gustav Leonhardt",242333,1736202298584,1736202540917,1736202540953,IPHONE,460
"United States","Tom Petty & The Heartbreakers",241846,1740947871140,1740948112986,1740948113052,APPLETV,461
"United States","Good Morning",240546,1727645464560,1727645705106,1727645705308,IPHONE,462
"United States","Smith Westerns",240493,1746909507602,1746909748095,1746909748149,IPHONE,463
"United States","Great Grandpa",240093,1739416352461,1739416592554,1739416592729,IPHONE,464
"United States","Steve Forbert and the Rough Squirrels",240000,1748097088562,1748097328562,1748097328616,IPHONE,465
"United States",U2,239846,1752264015211,1752264255057,1752264255101,IPHONE,466
"United States","Seth Avett & Jessica Lea Mayfield",238613,1747609817341,1747610055954,1747610055995,IPHONE,467
"United States",GZA,237142,1747608389124,1747608626266,1747608626306,IPHONE,468
"United States","Gregory Porter",236740,1732914469311,1732914706051,1732914706330,APPLETV,469
"United States","Roy Hargrove",236066,1733159711638,1733159947704,1733159947769,APPLETV,470
"United States","Jackie Mittoo",235466,1743690901738,1748186290228,1748186290267,IPHONE,471
"United States",Ohbijou,235173,1746910956115,1746911191288,1746911191334,IPHONE,472
"United States","Beanie Sigel",235049,1732934600747,1732934835796,1732934835893,IPHONE,473
"United States","Kenny G",235000,1733153871690,1733154106690,1733154106749,APPLETV,474
"United States","George Canyon",234701,1735780823636,1735828595089,1735828596572,IPHONE,475
"United States","Hindu Love Gods",234293,1730426614434,1730426848727,1730426849072,IPHONE,476
"United States",Smif-N-Wessun,233480,1750707483937,1750707717417,1750707717467,IPHONE,477
"United States","The Dahlmanns",232046,1732800538607,1732800770653,1732800770758,APPLETV,478
"United States","Wild Nothing",231626,1736042505418,1736042737044,1736042737100,IPHONE,479
"United States","Trace Mountains",229000,1751511280910,1751511509910,1751511509971,IPHONE,480
"United States",JID,229000,1742519257518,1742519486518,1742519486831,IPHONE,481
"United States",a-ha,228567,1734442290279,1734442518846,1734442520031,APPLETV,482
"United States","Dave Koz",228261,1733155040559,1733155268820,1733155268875,APPLETV,483
"United States","Pony Hunt",227000,1735945289254,1735945516254,1735945516303,IPHONE,484
"United States","Freddie Gibbs",226547,1757351133670,1757351360217,1757351360273,IPHONE,485
"United States",Rosali,226533,1751510888601,1751511115134,1751511115168,IPHONE,486
"United States","The Drums",226432,1734129377569,1734129604969,1734129605382,IPHONE,487
"United States","The Flaming Lips",225613,1734969890452,1753406753515,1753406754795,IPHONE,488
"United States",Tennis,224666,1740012502314,1740012726980,1740012727064,APPLETV,489
"United States","The Cars",223586,1740949538073,1740949761659,1740949761713,APPLETV,490
"United States","Sister Ray",223437,1739385214021,1739385437458,1739385437590,IPHONE,491
"United States","violet's garden",222110,1750522429056,1750522651166,1750522651531,IPHONE,492
"United States","Kristen Anderson-Lopez",221921,1742681458013,1742681679934,1742681680161,APPLETV,493
"United States","Nelson Rangell",221452,1733154660375,1733154881827,1733154882002,APPLETV,494
"United States","Land of Talk",221000,1749638356788,1749638577788,1749638577874,IPHONE,495
"United States","JD Allen",219422,1732911989738,1732912209160,1732912209549,APPLETV,496
"United States","Saya Gray",219294,1739417694193,1739417913487,1739417913526,IPHONE,497
"United States","Kids Party Crew",217421,1749854818467,1749855035888,1749855036014,IPHONE,498
"United States","Dougie Poole",216400,1752264633000,1752264849400,1752264849440,IPHONE,499
"United States",Interpol,215827,1735614231653,1735614447480,1735614447562,IPHONE,500
"United States",Alternative,688269734,1727224846530,1758458230456,1758458108933,"IPHONE, APPLETV",1
"United States",Rock,255724764,1727908137458,1758303636511,1758303636552,"IPHONE, APPLETV",2
"United States","Hip Hop/Rap",142561069,1728165480177,1757687842094,1757687842179,IPHONE,3
"United States",Soundtrack,46889829,1727052235710,1757263747185,1757263748017,"IPHONE, APPLETV",4
"United States","Children's Music",46694550,1727294431669,1757328360039,1757328360164,"IPHONE, APPLETV",5
"United States","Indie Rock",43930494,1727645306014,1757524440571,1757524440603,"IPHONE, APPLETV",6
"United States",Pop,41229587,1727647121866,1757534920965,1757534921127,"IPHONE, APPLETV",7
"United States",Holiday,19780683,1727397143904,1746972256042,1746972256633,"IPHONE, APPLETV",8
"United States","Hard Rock",19328210,1733359364578,1756912779960,1756912780015,"IPHONE, APPLETV",9
"United States",Singer/Songwriter,17034312,1727095499985,1756836217832,1756836217885,"IPHONE, APPLETV",10
"United States",Rap,13267323,1738643858692,1756927000251,1756927000291,IPHONE,11
"United States",Reggae,12753548,1727052103620,1758303729967,1758303730117,IPHONE,12
"United States",Country,11776608,1728065772138,1757279946204,1757279946243,IPHONE,13
"United States",Jazz,10119953,1727314621299,1756835408027,1756835408056,"IPHONE, APPLETV",14
"United States","Heavy Metal",8075542,1731363226562,1757261321093,1757261321522,"IPHONE, APPLETV",15
"United States",Electronic,6799868,1731420276970,1755631911100,1755631911320,"IPHONE, APPLETV",16
"United States","R&B/Soul",6227252,1728877211504,1755223486942,1755223486974,IPHONE,17
"United States","Christmas: Jazz",6161926,1732911780337,1733776145944,1733776146137,APPLETV,18
"United States","New Wave",5843589,1730243497706,1755224465759,1755224465905,"IPHONE, APPLETV",19
"United States",Punk,4013601,1730246948940,1753238513721,1753238514079,"IPHONE, APPLETV",20
"United States",Folk,3563382,1727906712250,1756205229061,1756205229378,"IPHONE, APPLETV",21
"United States",Musicals,3516005,1728837006138,1755379090290,1755379090348,"IPHONE, APPLETV",22
"United States","Indie Pop",3341887,1733527773759,1753472600719,1753472601006,"IPHONE, APPLETV",23
"United States",Funk,2708055,1732752089546,1756909632934,1756909625845,IPHONE,24
"United States",Christmas,2383626,1731336962185,1735599207719,1735599209460,"IPHONE, APPLETV",25
"United States","Big Band",1967682,1733160773778,1745111644805,1745111644872,"IPHONE, APPLETV",26
"United States",Classical,1637562,1736201892543,1748394146575,1748394146609,IPHONE,27
"United States","Alternative Folk",1476210,1727095162848,1748960619438,1748960619625,IPHONE,28
"United States","Christmas: Children's",1326956,1732399125588,1738200737083,1738200737432,"IPHONE, APPLETV",29
"United States","Pop in Spanish",1269363,1732797093188,1754918974060,1754922342104,IPHONE,30
"United States","Contemporary Folk",1211770,1735619016467,1753236491583,1753236491624,IPHONE,31
"United States",Music,1063782,1734473949006,1755819434787,1755819434823,"IPHONE, APPLETV",32
"United States",World,825205,1741223374381,1756326074327,1756326074367,IPHONE,33
"United States","Christmas: Pop",611870,1734296666958,1754595907402,1754595907446,"IPHONE, APPLETV",34
"United States","Vocal Jazz",441946,1732915287044,1733156538418,1733156538807,APPLETV,35
"United States",Singer/Songwriter,423454,1748097328457,1757079764200,1757079764233,IPHONE,36
"United States",Hip-Hop,414618,1751486192631,1757351360217,1757351360273,IPHONE,37
"United States",Blues-Rock,408079,1733161715062,1733770103153,1733766230626,APPLETV,38
"United States","Classical Crossover",373175,1756604881207,1757079975564,1757079975600,IPHONE,39
"United States",Psychedelic,280231,1749552662185,1753191044568,1753191044615,IPHONE,40
"United States","Glam Rock",276978,1748544966629,1748545349144,1748545349313,IPHONE,41
"United States","Adult Alternative",245986,1752185151032,1752262199450,1752262199509,IPHONE,42
"United States","Traditional Folk",227000,1735945289254,1735945516254,1735945516303,IPHONE,43
"United States","East Coast Rap",226000,1748802109399,1748802335399,1748802335446,IPHONE,44
"United States","Contemporary Singer/Songwriter",204150,1739905051118,1739905255268,1739905255306,IPHONE,45
"United States","Smooth Jazz",184573,1733786042047,1733786226620,1733786226727,APPLETV,46
"United States",Dance,182094,1733488166873,1738190790165,1738190790455,IPHONE,47
"United States","Prog-Rock/Art Rock",179974,1744571377274,1744571557248,1744571557447,IPHONE,48
"United States",Comedy,179096,1751997664983,1751997844079,1751997844241,IPHONE,49
"United States",Ska,161127,1734891949189,1734892110316,1734892110347,IPHONE,50
"United States","Contemporary Jazz",158423,1733154882208,1733155040631,1733155040686,APPLETV,51
"United States",Vocal,155559,1735401825384,1735401980943,1735401981529,IPHONE,52
"United States",Blues,154000,1753229059574,1753229213574,1753229214012,IPHONE,53
"United States",Brazilian,134213,1732576796441,1732576931409,1732576918300,IPHONE,54
"United States",Easter,119000,1740447237538,1740447367389,1740447276345,IPHONE,55
"United States",Lullabies,74476,1753237797352,1753237871828,1753237872257,IPHONE,56
